{"cameraMode":{"drawMode":0,"name":"Shaded","section":"Shading Mode"},"sceneLighting":true,"audioPlay":false,"sceneViewState":{"showFog":true,"showMaterialUpdate":false,"showSkybox":true,"showFlares":true,"showImageEffects":true,"showParticleSystems":true},"in2DMode":false,"pivot":{"x":-20.503692626953126,"y":166.5821533203125,"z":169.39154052734376},"rotation":{"x":-0.2461022585630417,"y":0.24729591608047486,"z":-0.06509731709957123,"w":-0.9349038600921631},"size":1042.1810302734375,"orthographic":false}