{"cameraMode":{"drawMode":0,"name":"Shaded","section":"Shading Mode"},"sceneLighting":true,"audioPlay":false,"sceneViewState":{"showFog":true,"showMaterialUpdate":false,"showSkybox":true,"showFlares":true,"showImageEffects":true,"showParticleSystems":true},"in2DMode":false,"pivot":{"x":41.03594970703125,"y":29.49853515625,"z":104.906494140625},"rotation":{"x":0.04312333092093468,"y":-0.9442216753959656,"z":0.29612040519714358,"w":0.13750535249710084},"size":903.9469604492188,"orthographic":false}